{
  "HTTP Request0" : {
    "transaction" : "HTTP Request0",
    "sampleCount" : 1000,
    "errorCount" : 93,
    "errorPct" : 9.3,
    "meanResTime" : 1618.8820000000014,
    "medianResTime" : 1401.0,
    "minResTime" : 0.0,
    "maxResTime" : 5540.0,
    "pct1ResTime" : 3244.9,
    "pct2ResTime" : 3508.0,
    "pct3ResTime" : 4755.0,
    "throughput" : 179.17935853789643,
    "receivedKBytesPerSec" : 363.703301379681,
    "sentKBytesPerSec" : 61.895619624619236
  },
  "HTTP Request2" : {
    "transaction" : "HTTP Request2",
    "sampleCount" : 1000,
    "errorCount" : 0,
    "errorPct" : 0.0,
    "meanResTime" : 2959.888,
    "medianResTime" : 3287.5,
    "minResTime" : 95.0,
    "maxResTime" : 7125.0,
    "pct1ResTime" : 4476.9,
    "pct2ResTime" : 5376.65,
    "pct3ResTime" : 6591.98,
    "throughput" : 100.6036217303823,
    "receivedKBytesPerSec" : 39.01514556086519,
    "sentKBytesPerSec" : 37.73294061242455
  },
  "HTTP Request1" : {
    "transaction" : "HTTP Request1",
    "sampleCount" : 1000,
    "errorCount" : 0,
    "errorPct" : 0.0,
    "meanResTime" : 2341.582,
    "medianResTime" : 2213.5,
    "minResTime" : 77.0,
    "maxResTime" : 7058.0,
    "pct1ResTime" : 4858.899999999999,
    "pct2ResTime" : 5435.95,
    "pct3ResTime" : 6606.780000000001,
    "throughput" : 101.78117048346056,
    "receivedKBytesPerSec" : 33.27190680661578,
    "sentKBytesPerSec" : 40.45712070610687
  },
  "Debug Sampler" : {
    "transaction" : "Debug Sampler",
    "sampleCount" : 1000,
    "errorCount" : 0,
    "errorPct" : 0.0,
    "meanResTime" : 0.10299999999999998,
    "medianResTime" : 0.0,
    "minResTime" : 0.0,
    "maxResTime" : 10.0,
    "pct1ResTime" : 0.0,
    "pct2ResTime" : 1.0,
    "pct3ResTime" : 1.0,
    "throughput" : 103.68066355624676,
    "receivedKBytesPerSec" : 70.17641912908243,
    "sentKBytesPerSec" : 0.0
  },
  "HTTP Request0-1" : {
    "transaction" : "HTTP Request0-1",
    "sampleCount" : 907,
    "errorCount" : 0,
    "errorPct" : 0.0,
    "meanResTime" : 999.7298787210584,
    "medianResTime" : 857.0,
    "minResTime" : 16.0,
    "maxResTime" : 4315.0,
    "pct1ResTime" : 2314.0,
    "pct2ResTime" : 3048.3999999999946,
    "pct3ResTime" : 3531.92,
    "throughput" : 174.42307692307693,
    "receivedKBytesPerSec" : 275.43175330528845,
    "sentKBytesPerSec" : 38.15504807692307
  },
  "Total" : {
    "transaction" : "Total",
    "sampleCount" : 5814,
    "errorCount" : 93,
    "errorPct" : 1.5995872,
    "meanResTime" : 1462.9606123151025,
    "medianResTime" : 996.5,
    "minResTime" : 0.0,
    "maxResTime" : 7125.0,
    "pct1ResTime" : 3551.5,
    "pct2ResTime" : 4405.75,
    "pct3ResTime" : 5952.000000000007,
    "throughput" : 555.1417931824692,
    "receivedKBytesPerSec" : 497.6947791344409,
    "sentKBytesPerSec" : 139.73413032321207
  },
  "HTTP Request0-0" : {
    "transaction" : "HTTP Request0-0",
    "sampleCount" : 907,
    "errorCount" : 0,
    "errorPct" : 0.0,
    "meanResTime" : 748.0077177508265,
    "medianResTime" : 831.0,
    "minResTime" : 3.0,
    "maxResTime" : 1266.0,
    "pct1ResTime" : 1076.2,
    "pct2ResTime" : 1211.3999999999996,
    "pct3ResTime" : 1245.5199999999998,
    "throughput" : 715.8642462509865,
    "receivedKBytesPerSec" : 283.12990208168907,
    "sentKBytesPerSec" : 116.04830554459353
  }
}