{
  "HTTP Request0" : {
    "transaction" : "HTTP Request0",
    "sampleCount" : 25000,
    "errorCount" : 1003,
    "errorPct" : 4.012,
    "meanResTime" : 11301.520040000054,
    "medianResTime" : 3058.5,
    "minResTime" : 0.0,
    "maxResTime" : 43665.0,
    "pct1ResTime" : 38276.0,
    "pct2ResTime" : 39030.75,
    "pct3ResTime" : 39822.98,
    "throughput" : 11.560570685259764,
    "receivedKBytesPerSec" : 23.102998499900348,
    "sentKBytesPerSec" : 4.226305302591001
  },
  "HTTP Request2" : {
    "transaction" : "HTTP Request2",
    "sampleCount" : 25000,
    "errorCount" : 360,
    "errorPct" : 1.44,
    "meanResTime" : 9195.698399999983,
    "medianResTime" : 6961.5,
    "minResTime" : 0.0,
    "maxResTime" : 42804.0,
    "pct1ResTime" : 19851.0,
    "pct2ResTime" : 21177.95,
    "pct3ResTime" : 23574.94000000001,
    "throughput" : 11.342745089498795,
    "receivedKBytesPerSec" : 4.8055834705238345,
    "sentKBytesPerSec" : 4.265963449790431
  },
  "HTTP Request1" : {
    "transaction" : "HTTP Request1",
    "sampleCount" : 25000,
    "errorCount" : 227,
    "errorPct" : 0.908,
    "meanResTime" : 8503.188160000032,
    "medianResTime" : 5977.5,
    "minResTime" : 0.0,
    "maxResTime" : 44187.0,
    "pct1ResTime" : 21586.800000000003,
    "pct2ResTime" : 23777.650000000005,
    "pct3ResTime" : 26807.980000000003,
    "throughput" : 11.41559287794859,
    "receivedKBytesPerSec" : 3.900008881331259,
    "sentKBytesPerSec" : 4.618642749077963
  },
  "Debug Sampler" : {
    "transaction" : "Debug Sampler",
    "sampleCount" : 25000,
    "errorCount" : 0,
    "errorPct" : 0.0,
    "meanResTime" : 23.93911999999987,
    "medianResTime" : 0.0,
    "minResTime" : 0.0,
    "maxResTime" : 5659.0,
    "pct1ResTime" : 0.0,
    "pct2ResTime" : 1.0,
    "pct3ResTime" : 52.9700000000048,
    "throughput" : 11.358225717930733,
    "receivedKBytesPerSec" : 7.922125069086409,
    "sentKBytesPerSec" : 0.0
  },
  "HTTP Request0-1" : {
    "transaction" : "HTTP Request0-1",
    "sampleCount" : 23997,
    "errorCount" : 0,
    "errorPct" : 0.0,
    "meanResTime" : 5916.703587948475,
    "medianResTime" : 2169.0,
    "minResTime" : 0.0,
    "maxResTime" : 42145.0,
    "pct1ResTime" : 15481.800000000003,
    "pct2ResTime" : 16355.0,
    "pct3ResTime" : 24528.0,
    "throughput" : 11.09793580336439,
    "receivedKBytesPerSec" : 17.5247677676174,
    "sentKBytesPerSec" : 2.4276734569859606
  },
  "Total" : {
    "transaction" : "Total",
    "sampleCount" : 147994,
    "errorCount" : 1590,
    "errorPct" : 1.0743679,
    "meanResTime" : 6810.794755192717,
    "medianResTime" : 13124.0,
    "minResTime" : 0.0,
    "maxResTime" : 44187.0,
    "pct1ResTime" : 24791.0,
    "pct2ResTime" : 25653.0,
    "pct3ResTime" : 26610.99,
    "throughput" : 67.13113010313666,
    "receivedKBytesPerSec" : 60.74487228706095,
    "sentKBytesPerSec" : 17.14459665270275
  },
  "HTTP Request0-0" : {
    "transaction" : "HTTP Request0-0",
    "sampleCount" : 23997,
    "errorCount" : 0,
    "errorPct" : 0.0,
    "meanResTime" : 5849.27199233238,
    "medianResTime" : 1331.5,
    "minResTime" : 0.0,
    "maxResTime" : 41087.0,
    "pct1ResTime" : 22431.800000000003,
    "pct2ResTime" : 24188.0,
    "pct3ResTime" : 25346.0,
    "throughput" : 11.168574404570752,
    "receivedKBytesPerSec" : 4.417258431495268,
    "sentKBytesPerSec" : 1.8105306163659618
  }
}