{
  "HTTP Request0" : {
    "transaction" : "HTTP Request0",
    "sampleCount" : 15000,
    "errorCount" : 371,
    "errorPct" : 2.4733334,
    "meanResTime" : 4002.627333333349,
    "medianResTime" : 1098.5,
    "minResTime" : 0.0,
    "maxResTime" : 18101.0,
    "pct1ResTime" : 13554.9,
    "pct2ResTime" : 14310.0,
    "pct3ResTime" : 15001.949999999999,
    "throughput" : 6.288801907770947,
    "receivedKBytesPerSec" : 12.510280880952141,
    "sentKBytesPerSec" : 2.335909141433897
  },
  "HTTP Request2" : {
    "transaction" : "HTTP Request2",
    "sampleCount" : 15000,
    "errorCount" : 775,
    "errorPct" : 5.1666665,
    "meanResTime" : 3114.4140000000034,
    "medianResTime" : 1269.0,
    "minResTime" : 0.0,
    "maxResTime" : 13812.0,
    "pct1ResTime" : 8835.9,
    "pct2ResTime" : 9705.0,
    "pct3ResTime" : 11357.0,
    "throughput" : 6.259370799701386,
    "receivedKBytesPerSec" : 3.1736758177189848,
    "sentKBytesPerSec" : 2.2774696204046307
  },
  "HTTP Request1" : {
    "transaction" : "HTTP Request1",
    "sampleCount" : 15000,
    "errorCount" : 369,
    "errorPct" : 2.46,
    "meanResTime" : 3072.679799999998,
    "medianResTime" : 1353.5,
    "minResTime" : 0.0,
    "maxResTime" : 14403.0,
    "pct1ResTime" : 8649.9,
    "pct2ResTime" : 10021.0,
    "pct3ResTime" : 11710.789999999995,
    "throughput" : 6.2663656583109555,
    "receivedKBytesPerSec" : 3.4491431032170685,
    "sentKBytesPerSec" : 2.520693726104259
  },
  "Debug Sampler" : {
    "transaction" : "Debug Sampler",
    "sampleCount" : 15000,
    "errorCount" : 0,
    "errorPct" : 0.0,
    "meanResTime" : 0.12113333333333341,
    "medianResTime" : 0.0,
    "minResTime" : 0.0,
    "maxResTime" : 297.0,
    "pct1ResTime" : 0.0,
    "pct2ResTime" : 1.0,
    "pct3ResTime" : 1.0,
    "throughput" : 6.260065663915437,
    "receivedKBytesPerSec" : 4.395344528713043,
    "sentKBytesPerSec" : 0.0
  },
  "HTTP Request0-1" : {
    "transaction" : "HTTP Request0-1",
    "sampleCount" : 14629,
    "errorCount" : 0,
    "errorPct" : 0.0,
    "meanResTime" : 1861.3808872786935,
    "medianResTime" : 572.0,
    "minResTime" : 0.0,
    "maxResTime" : 12878.0,
    "pct1ResTime" : 6377.0,
    "pct2ResTime" : 7334.0,
    "pct3ResTime" : 8502.7,
    "throughput" : 6.133549454756006,
    "receivedKBytesPerSec" : 9.685497527676231,
    "sentKBytesPerSec" : 1.3417139432278762
  },
  "Total" : {
    "transaction" : "Total",
    "sampleCount" : 89258,
    "errorCount" : 1515,
    "errorPct" : 1.6973269,
    "meanResTime" : 2385.032803782313,
    "medianResTime" : 6558.0,
    "minResTime" : 0.0,
    "maxResTime" : 18101.0,
    "pct1ResTime" : 12091.0,
    "pct2ResTime" : 13657.0,
    "pct3ResTime" : 14797.920000000013,
    "throughput" : 37.242818100264955,
    "receivedKBytesPerSec" : 35.516070690468986,
    "sentKBytesPerSec" : 9.444346470594372
  },
  "HTTP Request0-0" : {
    "transaction" : "HTTP Request0-0",
    "sampleCount" : 14629,
    "errorCount" : 0,
    "errorPct" : 0.0,
    "meanResTime" : 2242.4966163100585,
    "medianResTime" : 572.0,
    "minResTime" : 0.0,
    "maxResTime" : 10381.0,
    "pct1ResTime" : 7145.0,
    "pct2ResTime" : 8162.5,
    "pct3ResTime" : 9112.7,
    "throughput" : 6.155989033763468,
    "receivedKBytesPerSec" : 2.434741756517778,
    "sentKBytesPerSec" : 0.9979435347702497
  }
}